variable,coefficient
temperatura média,0.8147356487009122
final de semana,5.173741678886927
precipitacao,-0.07066489779455115
