,Temperatura Media (C),Temperatura Minima (C),Temperatura Maxima (C),Precipitacao (mm),Final de Semana,Consumo de cerveja (litros)
count,365.0,365.0,365.0,365.0,365.0,365.0
mean,21.226356164383564,17.461369863013697,26.61150684931507,5.1967123287671235,0.28493150684931506,25.40136712328767
std,3.1801076653013376,2.826185113212546,4.3173657997026345,12.417843866967427,0.4520014200833207,4.399142703321964
min,12.9,10.6,14.5,0.0,0.0,14.343
25%,19.02,15.3,23.8,0.0,0.0,22.008
50%,21.38,17.9,26.9,0.0,0.0,24.867
75%,23.28,19.6,29.4,3.2,1.0,28.631
max,28.86,24.5,36.5,94.8,1.0,37.937
