metric,value
RMSE,2.7085697919618004
R2,0.6743776223249442
