variavel,vif
avgtemp,1.5441504735546734
rain,1.1747082071173787
weekend,1.3737601790048404
